{
  "ExtendedData": {
    "inputs": [
      "http://webservices.oorsprong.org/websamples.countryinfo/CountryInfoService.wso?WSDL"
    ],
    "collectionTypes": [
      "System.Collections.Generic.Dictionary`2",
      "System.Collections.Generic.List`1"
    ],
    "namespaceMappings": [
      "*, CountryInfoService"
    ],
    "references": [
      "Microsoft.CSharp, {Microsoft.CSharp, 4.0.1}",
      "Microsoft.TestPlatform.CommunicationUtilities, {Microsoft.TestPlatform.TestHost, 17.1.0}",
      "Microsoft.TestPlatform.CoreUtilities, {Microsoft.TestPlatform.ObjectModel, 17.1.0}",
      "Microsoft.TestPlatform.CrossPlatEngine, {Microsoft.TestPlatform.TestHost, 17.1.0}",
      "Microsoft.TestPlatform.PlatformAbstractions, {Microsoft.TestPlatform.ObjectModel, 17.1.0}",
      "Microsoft.TestPlatform.Utilities, {Microsoft.TestPlatform.TestHost, 17.1.0}",
      "Microsoft.VisualStudio.CodeCoverage.Shim, {Microsoft.CodeCoverage, 17.1.0}",
      "Microsoft.VisualStudio.TestPlatform.Common, {Microsoft.TestPlatform.TestHost, 17.1.0}",
      "Microsoft.VisualStudio.TestPlatform.ObjectModel, {Microsoft.TestPlatform.ObjectModel, 17.1.0}",
      "Microsoft.VisualStudio.TestPlatform.TestFramework, {MSTest.TestFramework, 2.2.8}",
      "Microsoft.VisualStudio.TestPlatform.TestFramework.Extensions, {MSTest.TestFramework, 2.2.8}",
      "Microsoft.Win32.Primitives, {Microsoft.Win32.Primitives, 4.3.0}",
      "Newtonsoft.Json, {Newtonsoft.Json, 9.0.1}",
      "NuGet.Frameworks, {NuGet.Frameworks, 5.11.0}",
      "System.AppContext, {System.AppContext, 4.3.0}",
      "System.Collections, {System.Collections, 4.3.0}",
      "System.Collections.Concurrent, {System.Collections.Concurrent, 4.3.0}",
      "System.Console, {System.Console, 4.3.0}",
      "System.Diagnostics.Debug, {System.Diagnostics.Debug, 4.3.0}",
      "System.Diagnostics.TextWriterTraceListener, {System.Diagnostics.TextWriterTraceListener, 4.3.0}",
      "System.Diagnostics.Tools, {System.Diagnostics.Tools, 4.3.0}",
      "System.Diagnostics.TraceSource, {System.Diagnostics.TraceSource, 4.3.0}",
      "System.Diagnostics.Tracing, {System.Diagnostics.Tracing, 4.3.0}",
      "System.Dynamic.Runtime, {System.Dynamic.Runtime, 4.0.11}",
      "System.Globalization, {System.Globalization, 4.3.0}",
      "System.Globalization.Calendars, {System.Globalization.Calendars, 4.3.0}",
      "System.IO, {System.IO, 4.3.0}",
      "System.IO.Compression, {System.IO.Compression, 4.3.0}",
      "System.IO.Compression.ZipFile, {System.IO.Compression.ZipFile, 4.3.0}",
      "System.IO.FileSystem, {System.IO.FileSystem, 4.3.0}",
      "System.IO.FileSystem.Primitives, {System.IO.FileSystem.Primitives, 4.3.0}",
      "System.Linq, {System.Linq, 4.3.0}",
      "System.Linq.Expressions, {System.Linq.Expressions, 4.3.0}",
      "System.Net.Http, {System.Net.Http, 4.3.0}",
      "System.Net.Primitives, {System.Net.Primitives, 4.3.0}",
      "System.Net.Sockets, {System.Net.Sockets, 4.3.0}",
      "System.ObjectModel, {System.ObjectModel, 4.3.0}",
      "System.Reflection, {System.Reflection, 4.3.0}",
      "System.Reflection.Extensions, {System.Reflection.Extensions, 4.3.0}",
      "System.Reflection.Metadata, {System.Reflection.Metadata, 1.6.0}",
      "System.Reflection.Primitives, {System.Reflection.Primitives, 4.3.0}",
      "System.Resources.ResourceManager, {System.Resources.ResourceManager, 4.3.0}",
      "System.Runtime, {System.Runtime, 4.3.0}",
      "System.Runtime.Extensions, {System.Runtime.Extensions, 4.3.0}",
      "System.Runtime.Handles, {System.Runtime.Handles, 4.3.0}",
      "System.Runtime.InteropServices, {System.Runtime.InteropServices, 4.3.0}",
      "System.Runtime.InteropServices.RuntimeInformation, {System.Runtime.InteropServices.RuntimeInformation, 4.3.0}",
      "System.Runtime.Numerics, {System.Runtime.Numerics, 4.3.0}",
      "System.Runtime.Serialization.Primitives, {System.Runtime.Serialization.Primitives, 4.1.1}",
      "System.Security.Cryptography.Algorithms, {System.Security.Cryptography.Algorithms, 4.3.0}",
      "System.Security.Cryptography.Encoding, {System.Security.Cryptography.Encoding, 4.3.0}",
      "System.Security.Cryptography.Primitives, {System.Security.Cryptography.Primitives, 4.3.0}",
      "System.Security.Cryptography.X509Certificates, {System.Security.Cryptography.X509Certificates, 4.3.0}",
      "System.Text.Encoding, {System.Text.Encoding, 4.3.0}",
      "System.Text.Encoding.Extensions, {System.Text.Encoding.Extensions, 4.3.0}",
      "System.Text.RegularExpressions, {System.Text.RegularExpressions, 4.3.0}",
      "System.Threading, {System.Threading, 4.3.0}",
      "System.Threading.Tasks, {System.Threading.Tasks, 4.3.0}",
      "System.Threading.Timer, {System.Threading.Timer, 4.3.0}",
      "System.Xml.ReaderWriter, {System.Xml.ReaderWriter, 4.3.0}",
      "System.Xml.XDocument, {System.Xml.XDocument, 4.3.0}",
      "testhost, {Microsoft.TestPlatform.TestHost, 17.1.0}"
    ],
    "sync": true,
    "targetFramework": "net6.0",
    "typeReuseMode": "All"
  }
}